date,category,amount,type,description
2026-09-02,Продукти,1457.17,expense,Операція №1
2026-09-03,Комунальні,656.89,expense,Операція №2
2026-09-04,Одяг,1196.9,expense,Операція №3
2026-09-05,Транспорт,3822.24,expense,Операція №4
2026-09-06,Продукти,1648.99,expense,Операція №5
2026-09-07,Розваги,2725.03,expense,Операція №6
2026-09-08,Розваги,3910.89,expense,Операція №7
2026-09-09,Продукти,1765.15,expense,Операція №8
2026-09-10,Продукти,667.77,expense,Операція №9
2026-09-11,Одяг,3310.78,expense,Операція №10
2026-09-12,Зарплата,2364.65,income,Операція №11
2026-09-13,Здоров'я,699.63,expense,Операція №12
2026-09-14,Фриланс,28195.54,income,Операція №13
2026-09-15,Комунальні,226.93,expense,Операція №14
2026-09-16,Інвестиції,18960.63,income,Операція №15
2026-09-17,Інвестиції,15345.58,income,Операція №16
2026-09-18,Одяг,1693.1,expense,Операція №17
2026-09-19,Фриланс,3293.08,income,Операція №18
2026-09-20,Одяг,3773.97,expense,Операція №19
2026-09-21,Транспорт,1616.27,expense,Операція №20
2026-09-22,Транспорт,466.34,expense,Операція №21
2026-09-23,Зарплата,12528.87,income,Операція №22
2026-09-24,Одяг,2826.26,expense,Операція №23
2026-09-25,Інвестиції,6664.13,income,Операція №24
2026-09-26,Здоров'я,3363.64,expense,Операція №25
2026-09-27,Розваги,1390.7,expense,Операція №26
2026-09-28,Одяг,1600.57,expense,Операція №27
2026-09-01,Здоров'я,2313.65,expense,Операція №28
2026-09-02,Зарплата,23859.29,income,Операція №29
2026-09-03,Здоров'я,2764.49,expense,Операція №30
2026-09-04,Розваги,2794.35,expense,Операція №31
2026-09-05,Одяг,2693.09,expense,Операція №32
2026-09-06,Зарплата,24086.4,income,Операція №33
2026-09-07,Одяг,721.72,expense,Операція №34
2026-09-08,Продукти,407.19,expense,Операція №35
2026-09-09,Фриланс,9441.95,income,Операція №36
2026-09-10,Транспорт,1293.9,expense,Операція №37
2026-09-11,Інвестиції,26618.93,income,Операція №38
2026-09-12,Розваги,2964.88,expense,Операція №39
2026-09-13,Фриланс,18703.34,income,Операція №40
2026-09-14,Здоров'я,1252.06,expense,Операція №41
2026-09-15,Розваги,1216.53,expense,Операція №42
2026-09-16,Комунальні,502.84,expense,Операція №43
2026-09-17,Одяг,881.55,expense,Операція №44
2026-09-18,Продукти,2786.29,expense,Операція №45
2026-09-19,Кешбек,21750.1,income,Операція №46
2026-09-20,Зарплата,10184.25,income,Операція №47
2026-09-21,Розваги,1770.12,expense,Операція №48
2026-09-22,Транспорт,3259.11,expense,Операція №49
2026-09-23,Здоров'я,1276.17,expense,Операція №50
2026-09-24,Здоров'я,2256.89,expense,Операція №51
2026-09-25,Фриланс,7132.55,income,Операція №52
2026-09-26,Зарплата,6230.27,income,Операція №53
2026-09-27,Комунальні,3906.64,expense,Операція №54
2026-09-28,Зарплата,16436.26,income,Операція №55
2026-09-01,Кешбек,20459.11,income,Операція №56
2026-09-02,Здоров'я,3343.18,expense,Операція №57
2026-09-03,Кешбек,21531.79,income,Операція №58
2026-09-04,Зарплата,17772.49,income,Операція №59
2026-09-05,Інвестиції,26179.75,income,Операція №60
2026-09-06,Розваги,3448.82,expense,Операція №61
2026-09-07,Одяг,3265.82,expense,Операція №62
2026-09-08,Одяг,2310.7,expense,Операція №63
2026-09-09,Зарплата,17278.67,income,Операція №64
2026-09-10,Одяг,3635.93,expense,Операція №65
2026-09-11,Зарплата,16845.88,income,Операція №66
2026-09-12,Здоров'я,1516.73,expense,Операція №67
2026-09-13,Комунальні,3064.85,expense,Операція №68
2026-09-14,Одяг,1810.16,expense,Операція №69
2026-09-15,Одяг,1819.79,expense,Операція №70
2026-09-16,Транспорт,1661.46,expense,Операція №71
2026-09-17,Транспорт,2583.0,expense,Операція №72
2026-09-18,Здоров'я,1256.06,expense,Операція №73
2026-09-19,Продукти,781.85,expense,Операція №74
2026-09-20,Фриланс,13284.31,income,Операція №75
2026-09-21,Продукти,1211.23,expense,Операція №76
2026-09-22,Одяг,56.89,expense,Операція №77
2026-09-23,Продукти,435.99,expense,Операція №78
2026-09-24,Продукти,3787.43,expense,Операція №79
2026-09-25,Одяг,1626.49,expense,Операція №80
2026-09-26,Здоров'я,2120.01,expense,Операція №81
2026-09-27,Комунальні,3618.54,expense,Операція №82
2026-09-28,Розваги,686.55,expense,Операція №83
2026-09-01,Здоров'я,2946.69,expense,Операція №84
2026-09-02,Інвестиції,29712.32,income,Операція №85
2026-09-03,Одяг,3392.48,expense,Операція №86
2026-09-04,Здоров'я,1378.99,expense,Операція №87
2026-09-05,Здоров'я,3469.48,expense,Операція №88
2026-09-06,Комунальні,2397.66,expense,Операція №89
2026-09-07,Інвестиції,20437.01,income,Операція №90
2026-09-08,Комунальні,636.89,expense,Операція №91
2026-09-09,Транспорт,2425.71,expense,Операція №92
2026-09-10,Розваги,3905.72,expense,Операція №93
2026-09-11,Фриланс,12517.27,income,Операція №94
2026-09-12,Розваги,3196.93,expense,Операція №95
2026-09-13,Комунальні,1337.54,expense,Операція №96
2026-09-14,Продукти,3526.24,expense,Операція №97
2026-09-15,Одяг,2592.52,expense,Операція №98
2026-09-16,Продукти,3941.63,expense,Операція №99
2026-09-17,Одяг,340.3,expense,Операція №100
2026-09-18,Інвестиції,20136.76,income,Операція №101
2026-09-19,Продукти,503.31,expense,Операція №102
2026-09-20,Продукти,3852.5,expense,Операція №103
2026-09-21,Кешбек,1978.87,income,Операція №104
2026-09-22,Продукти,2149.32,expense,Операція №105
2026-09-23,Інвестиції,11045.76,income,Операція №106
2026-09-24,Інвестиції,22578.89,income,Операція №107
2026-09-25,Продукти,3963.79,expense,Операція №108
2026-09-26,Продукти,406.58,expense,Операція №109
2026-09-27,Фриланс,8930.95,income,Операція №110
2026-09-28,Одяг,3543.29,expense,Операція №111
2026-09-01,Інвестиції,28177.02,income,Операція №112
2026-09-02,Одяг,2676.16,expense,Операція №113
2026-09-03,Комунальні,3943.37,expense,Операція №114
2026-09-04,Фриланс,25340.19,income,Операція №115
2026-09-05,Комунальні,63.08,expense,Операція №116
2026-09-06,Здоров'я,661.32,expense,Операція №117
2026-09-07,Здоров'я,3336.46,expense,Операція №118
2026-09-08,Продукти,1600.93,expense,Операція №119
2026-09-09,Транспорт,3299.86,expense,Операція №120
2026-09-10,Комунальні,3357.65,expense,Операція №121
2026-09-11,Транспорт,2772.6,expense,Операція №122
2026-09-12,Одяг,2492.9,expense,Операція №123
2026-09-13,Зарплата,8347.94,income,Операція №124
2026-09-14,Одяг,1961.51,expense,Операція №125
2026-09-15,Фриланс,15278.82,income,Операція №126
2026-09-16,Розваги,3253.74,expense,Операція №127
2026-09-17,Кешбек,27059.84,income,Операція №128
2026-09-18,Інвестиції,13030.94,income,Операція №129
2026-09-19,Комунальні,142.87,expense,Операція №130
2026-09-20,Продукти,2154.58,expense,Операція №131
2026-09-21,Транспорт,2667.84,expense,Операція №132
2026-09-22,Транспорт,3799.2,expense,Операція №133
2026-09-23,Здоров'я,713.39,expense,Операція №134
2026-09-24,Кешбек,15457.7,income,Операція №135
2026-09-25,Комунальні,2840.12,expense,Операція №136
2026-09-26,Розваги,425.31,expense,Операція №137
2026-09-27,Продукти,785.68,expense,Операція №138
2026-09-28,Фриланс,5229.84,income,Операція №139
2026-09-01,Транспорт,2217.67,expense,Операція №140
2026-09-02,Продукти,1343.75,expense,Операція №141
2026-09-03,Інвестиції,11296.23,income,Операція №142
2026-09-04,Інвестиції,22011.06,income,Операція №143
2026-09-05,Комунальні,1945.82,expense,Операція №144
2026-09-06,Одяг,855.5,expense,Операція №145
2026-09-07,Інвестиції,26835.81,income,Операція №146
2026-09-08,Інвестиції,23014.21,income,Операція №147
2026-09-09,Здоров'я,537.75,expense,Операція №148
2026-09-10,Продукти,3208.52,expense,Операція №149
2026-09-11,Розваги,1201.81,expense,Операція №150
2026-09-12,Одяг,1672.24,expense,Операція №151
2026-09-13,Фриланс,26884.67,income,Операція №152
2026-09-14,Комунальні,1160.73,expense,Операція №153
2026-09-15,Одяг,1480.01,expense,Операція №154
2026-09-16,Транспорт,1577.48,expense,Операція №155
2026-09-17,Розваги,317.04,expense,Операція №156
2026-09-18,Зарплата,21039.18,income,Операція №157
2026-09-19,Продукти,774.47,expense,Операція №158
2026-09-20,Здоров'я,880.77,expense,Операція №159
2026-09-21,Продукти,1619.46,expense,Операція №160
2026-09-22,Здоров'я,1606.88,expense,Операція №161
2026-09-23,Транспорт,3205.32,expense,Операція №162
2026-09-24,Продукти,3157.65,expense,Операція №163
2026-09-25,Інвестиції,11790.82,income,Операція №164
2026-09-26,Одяг,1046.96,expense,Операція №165
2026-09-27,Одяг,2897.37,expense,Операція №166
2026-09-28,Здоров'я,1052.14,expense,Операція №167
2026-09-01,Здоров'я,3538.15,expense,Операція №168
2026-09-02,Транспорт,3633.44,expense,Операція №169
2026-09-03,Продукти,3762.98,expense,Операція №170
2026-09-04,Здоров'я,3707.26,expense,Операція №171
2026-09-05,Комунальні,1223.28,expense,Операція №172
2026-09-06,Розваги,230.01,expense,Операція №173
2026-09-07,Одяг,1012.79,expense,Операція №174
2026-09-08,Комунальні,594.27,expense,Операція №175
2026-09-09,Одяг,509.16,expense,Операція №176
2026-09-10,Кешбек,13882.03,income,Операція №177
2026-09-11,Одяг,1237.63,expense,Операція №178
2026-09-12,Зарплата,15856.91,income,Операція №179
2026-09-13,Одяг,2392.47,expense,Операція №180
2026-09-14,Розваги,2748.79,expense,Операція №181
2026-09-15,Розваги,1518.3,expense,Операція №182
2026-09-16,Комунальні,867.92,expense,Операція №183
2026-09-17,Кешбек,14862.23,income,Операція №184
2026-09-18,Розваги,3978.48,expense,Операція №185
2026-09-19,Зарплата,26407.31,income,Операція №186
2026-09-20,Продукти,1654.97,expense,Операція №187
2026-09-21,Одяг,2973.08,expense,Операція №188
2026-09-22,Продукти,2667.0,expense,Операція №189
2026-09-23,Зарплата,12007.33,income,Операція №190
2026-09-24,Продукти,2018.77,expense,Операція №191
2026-09-25,Продукти,2039.18,expense,Операція №192
2026-09-26,Інвестиції,8912.84,income,Операція №193
2026-09-27,Здоров'я,1436.63,expense,Операція №194
2026-09-28,Одяг,2301.42,expense,Операція №195
2026-09-01,Здоров'я,1466.73,expense,Операція №196
2026-09-02,Комунальні,2580.2,expense,Операція №197
2026-09-03,Одяг,420.43,expense,Операція №198
2026-09-04,Кешбек,18952.23,income,Операція №199
2026-09-05,Розваги,1776.78,expense,Операція №200
2026-09-06,Зарплата,8906.04,income,Операція №201
2026-09-07,Продукти,1270.4,expense,Операція №202
2026-09-08,Продукти,3322.83,expense,Операція №203
2026-09-09,Транспорт,3104.22,expense,Операція №204
2026-09-10,Кешбек,21987.5,income,Операція №205
2026-09-11,Зарплата,18468.15,income,Операція №206
2026-09-12,Продукти,327.69,expense,Операція №207
2026-09-13,Зарплата,16509.48,income,Операція №208
2026-09-14,Розваги,1356.51,expense,Операція №209
2026-09-15,Продукти,3284.95,expense,Операція №210
2026-09-16,Транспорт,3097.49,expense,Операція №211
2026-09-17,Продукти,3666.53,expense,Операція №212
2026-09-18,Розваги,3574.58,expense,Операція №213
2026-09-19,Продукти,2618.76,expense,Операція №214
2026-09-20,Розваги,1083.89,expense,Операція №215
2026-09-21,Продукти,1241.7,expense,Операція №216
2026-09-22,Здоров'я,549.81,expense,Операція №217
2026-09-23,Здоров'я,1692.05,expense,Операція №218
2026-09-24,Продукти,448.37,expense,Операція №219
2026-09-25,Продукти,1949.74,expense,Операція №220
2026-09-26,Одяг,165.13,expense,Операція №221
2026-09-27,Транспорт,715.48,expense,Операція №222
2026-09-28,Продукти,3220.63,expense,Операція №223
2026-09-01,Транспорт,856.57,expense,Операція №224
2026-09-02,Фриланс,9758.89,income,Операція №225
2026-09-03,Розваги,1089.76,expense,Операція №226
2026-09-04,Здоров'я,2617.46,expense,Операція №227
2026-09-05,Транспорт,479.07,expense,Операція №228
2026-09-06,Одяг,679.63,expense,Операція №229
2026-09-07,Одяг,2050.51,expense,Операція №230
2026-09-08,Продукти,62.56,expense,Операція №231
2026-09-09,Зарплата,21608.65,income,Операція №232
2026-09-10,Кешбек,6390.84,income,Операція №233
2026-09-11,Комунальні,1033.43,expense,Операція №234
2026-09-12,Зарплата,29213.87,income,Операція №235
2026-09-13,Розваги,3607.49,expense,Операція №236
2026-09-14,Продукти,3075.74,expense,Операція №237
2026-09-15,Транспорт,3164.52,expense,Операція №238
2026-09-16,Продукти,3632.94,expense,Операція №239
2026-09-17,Транспорт,1710.32,expense,Операція №240
2026-09-18,Транспорт,3479.01,expense,Операція №241
2026-09-19,Здоров'я,1935.33,expense,Операція №242
2026-09-20,Транспорт,3895.49,expense,Операція №243
2026-09-21,Фриланс,7033.44,income,Операція №244
2026-09-22,Зарплата,6565.51,income,Операція №245
2026-09-23,Розваги,1512.83,expense,Операція №246
2026-09-24,Комунальні,2945.05,expense,Операція №247
2026-09-25,Одяг,372.28,expense,Операція №248
2026-09-26,Кешбек,5728.3,income,Операція №249
2026-09-27,Зарплата,28571.47,income,Операція №250
2026-09-28,Здоров'я,2668.41,expense,Операція №251
2026-09-01,Кешбек,22461.17,income,Операція №252
2026-09-02,Продукти,2288.06,expense,Операція №253
2026-09-03,Здоров'я,1510.16,expense,Операція №254
2026-09-04,Інвестиції,19422.2,income,Операція №255
2026-09-05,Одяг,97.42,expense,Операція №256
2026-09-06,Розваги,2109.37,expense,Операція №257
2026-09-07,Транспорт,232.37,expense,Операція №258
2026-09-08,Транспорт,747.58,expense,Операція №259
2026-09-09,Розваги,3062.13,expense,Операція №260
2026-09-10,Транспорт,876.41,expense,Операція №261
2026-09-11,Фриланс,7755.39,income,Операція №262
2026-09-12,Одяг,3146.12,expense,Операція №263
2026-09-13,Зарплата,16090.39,income,Операція №264
2026-09-14,Транспорт,199.55,expense,Операція №265
2026-09-15,Фриланс,6752.55,income,Операція №266
2026-09-16,Продукти,848.59,expense,Операція №267
2026-09-17,Здоров'я,457.87,expense,Операція №268
2026-09-18,Продукти,3553.68,expense,Операція №269
2026-09-19,Одяг,1895.35,expense,Операція №270
2026-09-20,Кешбек,4861.34,income,Операція №271
2026-09-21,Фриланс,6112.09,income,Операція №272
2026-09-22,Фриланс,19521.1,income,Операція №273
2026-09-23,Фриланс,1472.83,income,Операція №274
2026-09-24,Розваги,1820.79,expense,Операція №275
2026-09-25,Комунальні,1533.52,expense,Операція №276
2026-09-26,Розваги,2080.77,expense,Операція №277
2026-09-27,Комунальні,3821.71,expense,Операція №278
2026-09-28,Продукти,1068.92,expense,Операція №279
2026-09-01,Розваги,2250.93,expense,Операція №280
2026-09-02,Здоров'я,2710.38,expense,Операція №281
2026-09-03,Комунальні,3035.41,expense,Операція №282
2026-09-04,Транспорт,1504.19,expense,Операція №283
2026-09-05,Транспорт,313.23,expense,Операція №284
2026-09-06,Комунальні,1960.1,expense,Операція №285
2026-09-07,Фриланс,19233.72,income,Операція №286
2026-09-08,Зарплата,9339.16,income,Операція №287
2026-09-09,Комунальні,542.17,expense,Операція №288
2026-09-10,Розваги,3403.55,expense,Операція №289
2026-09-11,Одяг,790.33,expense,Операція №290
2026-09-12,Комунальні,1772.57,expense,Операція №291
2026-09-13,Розваги,3363.86,expense,Операція №292
2026-09-14,Одяг,3638.64,expense,Операція №293
2026-09-15,Кешбек,14315.94,income,Операція №294
2026-09-16,Продукти,1991.24,expense,Операція №295
2026-09-17,Інвестиції,8205.23,income,Операція №296
2026-09-18,Розваги,3049.64,expense,Операція №297
2026-09-19,Комунальні,1675.99,expense,Операція №298
2026-09-20,Інвестиції,14281.21,income,Операція №299
2026-09-21,Одяг,3507.69,expense,Операція №300
2026-09-22,Комунальні,1697.27,expense,Операція №301
2026-09-23,Фриланс,4282.45,income,Операція №302
2026-09-24,Комунальні,235.02,expense,Операція №303
2026-09-25,Одяг,3821.49,expense,Операція №304
2026-09-26,Кешбек,19953.84,income,Операція №305
2026-09-27,Здоров'я,2987.21,expense,Операція №306
2026-09-28,Продукти,2455.75,expense,Операція №307
2026-09-01,Одяг,1429.58,expense,Операція №308
2026-09-02,Продукти,3943.99,expense,Операція №309
2026-09-03,Одяг,2661.1,expense,Операція №310
2026-09-04,Продукти,839.89,expense,Операція №311
2026-09-05,Фриланс,1153.44,income,Операція №312
2026-09-06,Продукти,901.57,expense,Операція №313
2026-09-07,Транспорт,3234.08,expense,Операція №314
2026-09-08,Здоров'я,2031.73,expense,Операція №315
2026-09-09,Комунальні,3222.18,expense,Операція №316
2026-09-10,Транспорт,2532.27,expense,Операція №317
2026-09-11,Інвестиції,7646.48,income,Операція №318
2026-09-12,Розваги,1578.84,expense,Операція №319
2026-09-13,Розваги,2906.63,expense,Операція №320
2026-09-14,Інвестиції,19283.35,income,Операція №321
2026-09-15,Кешбек,22795.42,income,Операція №322
2026-09-16,Інвестиції,18432.71,income,Операція №323
2026-09-17,Розваги,534.0,expense,Операція №324
2026-09-18,Здоров'я,1661.48,expense,Операція №325
2026-09-19,Здоров'я,3446.9,expense,Операція №326
2026-09-20,Розваги,1257.56,expense,Операція №327
2026-09-21,Продукти,373.34,expense,Операція №328
2026-09-22,Розваги,2321.11,expense,Операція №329
2026-09-23,Транспорт,635.51,expense,Операція №330
2026-09-24,Розваги,1501.79,expense,Операція №331
2026-09-25,Розваги,812.33,expense,Операція №332
2026-09-26,Одяг,226.22,expense,Операція №333
2026-09-27,Розваги,1161.82,expense,Операція №334
2026-09-28,Розваги,838.57,expense,Операція №335
2026-09-01,Інвестиції,3288.43,income,Операція №336
2026-09-02,Продукти,2591.89,expense,Операція №337
2026-09-03,Здоров'я,3818.49,expense,Операція №338
2026-09-04,Зарплата,18728.54,income,Операція №339
2026-09-05,Розваги,331.4,expense,Операція №340
2026-09-06,Комунальні,1009.22,expense,Операція №341
2026-09-07,Розваги,3743.41,expense,Операція №342
2026-09-08,Комунальні,2819.86,expense,Операція №343
2026-09-09,Комунальні,1465.78,expense,Операція №344
2026-09-10,Фриланс,27674.75,income,Операція №345
2026-09-11,Продукти,1623.17,expense,Операція №346
2026-09-12,Одяг,1721.77,expense,Операція №347
2026-09-13,Кешбек,13771.98,income,Операція №348
2026-09-14,Кешбек,23951.81,income,Операція №349
2026-09-15,Кешбек,22145.34,income,Операція №350
2026-09-16,Одяг,3239.99,expense,Операція №351
2026-09-17,Комунальні,1922.7,expense,Операція №352
2026-09-18,Транспорт,2103.96,expense,Операція №353
2026-09-19,Фриланс,5620.59,income,Операція №354
2026-09-20,Продукти,458.22,expense,Операція №355
2026-09-21,Продукти,3750.45,expense,Операція №356
2026-09-22,Комунальні,2147.08,expense,Операція №357
2026-09-23,Розваги,1653.24,expense,Операція №358
2026-09-24,Розваги,3852.58,expense,Операція №359
2026-09-25,Продукти,2723.31,expense,Операція №360
2026-09-26,Комунальні,2721.27,expense,Операція №361
2026-09-27,Одяг,897.22,expense,Операція №362
2026-09-28,Кешбек,1057.13,income,Операція №363
2026-09-01,Зарплата,18288.48,income,Операція №364
2026-09-02,Продукти,2207.29,expense,Операція №365
2026-09-03,Здоров'я,1936.07,expense,Операція №366
2026-09-04,Одяг,263.12,expense,Операція №367
2026-09-05,Кешбек,29673.58,income,Операція №368
2026-09-06,Здоров'я,241.34,expense,Операція №369
2026-09-07,Комунальні,1844.13,expense,Операція №370
2026-09-08,Здоров'я,3254.3,expense,Операція №371
2026-09-09,Продукти,3966.14,expense,Операція №372
2026-09-10,Продукти,937.02,expense,Операція №373
2026-09-11,Продукти,852.27,expense,Операція №374
2026-09-12,Здоров'я,618.13,expense,Операція №375
2026-09-13,Одяг,1769.99,expense,Операція №376
2026-09-14,Зарплата,4777.84,income,Операція №377
2026-09-15,Інвестиції,7182.74,income,Операція №378
2026-09-16,Продукти,360.2,expense,Операція №379
2026-09-17,Розваги,2057.29,expense,Операція №380
2026-09-18,Розваги,2839.17,expense,Операція №381
2026-09-19,Зарплата,18604.08,income,Операція №382
2026-09-20,Комунальні,2611.1,expense,Операція №383
2026-09-21,Комунальні,2661.29,expense,Операція №384
2026-09-22,Одяг,1579.06,expense,Операція №385
2026-09-23,Одяг,950.16,expense,Операція №386
2026-09-24,Фриланс,21822.24,income,Операція №387
2026-09-25,Розваги,2209.7,expense,Операція №388
2026-09-26,Зарплата,19566.85,income,Операція №389
2026-09-27,Продукти,2535.87,expense,Операція №390
2026-09-28,Одяг,2428.16,expense,Операція №391
2026-09-01,Транспорт,182.64,expense,Операція №392
2026-09-02,Інвестиції,15026.39,income,Операція №393
2026-09-03,Здоров'я,3898.25,expense,Операція №394
2026-09-04,Одяг,3244.62,expense,Операція №395
2026-09-05,Розваги,3652.63,expense,Операція №396
2026-09-06,Кешбек,18750.54,income,Операція №397
2026-09-07,Комунальні,1312.59,expense,Операція №398
2026-09-08,Одяг,2927.5,expense,Операція №399
2026-09-09,Транспорт,1787.95,expense,Операція №400
2026-09-10,Комунальні,574.4,expense,Операція №401
2026-09-11,Кешбек,3922.76,income,Операція №402
2026-09-12,Транспорт,1686.59,expense,Операція №403
2026-09-13,Транспорт,2601.08,expense,Операція №404
2026-09-14,Розваги,908.76,expense,Операція №405
2026-09-15,Зарплата,14601.2,income,Операція №406
2026-09-16,Транспорт,926.81,expense,Операція №407
2026-09-17,Одяг,2641.73,expense,Операція №408
2026-09-18,Одяг,3763.23,expense,Операція №409
2026-09-19,Одяг,2380.81,expense,Операція №410
2026-09-20,Продукти,3575.64,expense,Операція №411
2026-09-21,Одяг,1453.57,expense,Операція №412
2026-09-22,Продукти,3182.36,expense,Операція №413
2026-09-23,Кешбек,19415.85,income,Операція №414
2026-09-24,Зарплата,12385.66,income,Операція №415
2026-09-25,Одяг,3147.59,expense,Операція №416
2026-09-26,Здоров'я,2455.32,expense,Операція №417
2026-09-27,Фриланс,18990.12,income,Операція №418
2026-09-28,Продукти,551.04,expense,Операція №419
2026-09-01,Кешбек,23277.05,income,Операція №420
2026-09-02,Кешбек,16264.72,income,Операція №421
2026-09-03,Транспорт,416.39,expense,Операція №422
2026-09-04,Продукти,3972.4,expense,Операція №423
2026-09-05,Комунальні,3379.37,expense,Операція №424
2026-09-06,Одяг,2238.26,expense,Операція №425
2026-09-07,Комунальні,1738.91,expense,Операція №426
2026-09-08,Здоров'я,2740.25,expense,Операція №427
2026-09-09,Фриланс,823.55,income,Операція №428
2026-09-10,Зарплата,27004.3,income,Операція №429
2026-09-11,Комунальні,2092.34,expense,Операція №430
2026-09-12,Кешбек,12220.07,income,Операція №431
2026-09-13,Продукти,3653.78,expense,Операція №432
2026-09-14,Здоров'я,2798.98,expense,Операція №433
2026-09-15,Фриланс,24938.91,income,Операція №434
2026-09-16,Комунальні,2567.89,expense,Операція №435
2026-09-17,Інвестиції,20156.96,income,Операція №436
2026-09-18,Продукти,223.52,expense,Операція №437
2026-09-19,Здоров'я,1557.71,expense,Операція №438
2026-09-20,Зарплата,16053.99,income,Операція №439
2026-09-21,Комунальні,2457.92,expense,Операція №440
2026-09-22,Розваги,760.98,expense,Операція №441
2026-09-23,Здоров'я,244.46,expense,Операція №442
2026-09-24,Розваги,2812.98,expense,Операція №443
2026-09-25,Розваги,672.25,expense,Операція №444
2026-09-26,Транспорт,3475.36,expense,Операція №445
2026-09-27,Комунальні,2625.29,expense,Операція №446
2026-09-28,Здоров'я,2897.64,expense,Операція №447
2026-09-01,Інвестиції,19810.06,income,Операція №448
2026-09-02,Комунальні,3542.1,expense,Операція №449
2026-09-03,Кешбек,21013.09,income,Операція №450
2026-09-04,Фриланс,6467.94,income,Операція №451
2026-09-05,Фриланс,5442.4,income,Операція №452
2026-09-06,Здоров'я,3710.87,expense,Операція №453
2026-09-07,Інвестиції,22675.23,income,Операція №454
2026-09-08,Фриланс,14278.64,income,Операція №455
2026-09-09,Транспорт,1148.8,expense,Операція №456
2026-09-10,Одяг,95.01,expense,Операція №457
2026-09-11,Продукти,3584.99,expense,Операція №458
2026-09-12,Одяг,3604.79,expense,Операція №459
2026-09-13,Здоров'я,776.97,expense,Операція №460
2026-09-14,Одяг,684.91,expense,Операція №461
2026-09-15,Продукти,1580.76,expense,Операція №462
2026-09-16,Транспорт,2237.12,expense,Операція №463
2026-09-17,Фриланс,12808.54,income,Операція №464
2026-09-18,Одяг,2093.44,expense,Операція №465
2026-09-19,Одяг,1890.84,expense,Операція №466
2026-09-20,Продукти,2311.86,expense,Операція №467
2026-09-21,Транспорт,2977.5,expense,Операція №468
2026-09-22,Зарплата,10906.78,income,Операція №469
2026-09-23,Інвестиції,18585.36,income,Операція №470
2026-09-24,Кешбек,29036.68,income,Операція №471
2026-09-25,Кешбек,4163.73,income,Операція №472
2026-09-26,Зарплата,25216.08,income,Операція №473
2026-09-27,Зарплата,14683.69,income,Операція №474
2026-09-28,Транспорт,957.02,expense,Операція №475
2026-09-01,Продукти,1831.6,expense,Операція №476
2026-09-02,Транспорт,659.91,expense,Операція №477
2026-09-03,Розваги,1224.72,expense,Операція №478
2026-09-04,Одяг,639.0,expense,Операція №479
2026-09-05,Інвестиції,4501.88,income,Операція №480
2026-09-06,Фриланс,17563.94,income,Операція №481
2026-09-07,Кешбек,4053.94,income,Операція №482
2026-09-08,Зарплата,5877.02,income,Операція №483
2026-09-09,Одяг,2135.6,expense,Операція №484
2026-09-10,Зарплата,1189.22,income,Операція №485
2026-09-11,Розваги,598.18,expense,Операція №486
2026-09-12,Продукти,1204.61,expense,Операція №487
2026-09-13,Комунальні,1182.67,expense,Операція №488
2026-09-14,Продукти,3736.75,expense,Операція №489
2026-09-15,Комунальні,2882.8,expense,Операція №490
2026-09-16,Розваги,3964.83,expense,Операція №491
2026-09-17,Кешбек,17303.85,income,Операція №492
2026-09-18,Одяг,2686.1,expense,Операція №493
2026-09-19,Розваги,1706.14,expense,Операція №494
2026-09-20,Комунальні,3020.28,expense,Операція №495
2026-09-21,Здоров'я,3531.15,expense,Операція №496
2026-09-22,Комунальні,3737.45,expense,Операція №497
2026-09-23,Продукти,3539.52,expense,Операція №498
2026-09-24,Продукти,784.19,expense,Операція №499
2026-09-25,Комунальні,964.54,expense,Операція №500
2026-09-26,Зарплата,14473.84,income,Операція №501
2026-09-27,Продукти,216.33,expense,Операція №502
2026-09-28,Здоров'я,2777.05,expense,Операція №503
2026-09-01,Транспорт,1643.72,expense,Операція №504
2026-09-02,Транспорт,1127.14,expense,Операція №505
2026-09-03,Здоров'я,2971.04,expense,Операція №506
2026-09-04,Одяг,531.06,expense,Операція №507
2026-09-05,Комунальні,3147.9,expense,Операція №508
2026-09-06,Розваги,286.09,expense,Операція №509
2026-09-07,Здоров'я,1576.07,expense,Операція №510
2026-09-08,Транспорт,2741.81,expense,Операція №511
2026-09-09,Здоров'я,2540.68,expense,Операція №512
2026-09-10,Одяг,2275.28,expense,Операція №513
2026-09-11,Продукти,3345.94,expense,Операція №514
2026-09-12,Інвестиції,2258.48,income,Операція №515
2026-09-13,Комунальні,1625.77,expense,Операція №516
2026-09-14,Зарплата,6513.73,income,Операція №517
2026-09-15,Одяг,2448.55,expense,Операція №518
2026-09-16,Одяг,822.74,expense,Операція №519
2026-09-17,Комунальні,1620.76,expense,Операція №520
2026-09-18,Здоров'я,3426.88,expense,Операція №521
2026-09-19,Кешбек,5659.08,income,Операція №522
2026-09-20,Розваги,833.22,expense,Операція №523
2026-09-21,Інвестиції,27423.93,income,Операція №524
2026-09-22,Продукти,3854.91,expense,Операція №525
2026-09-23,Транспорт,56.62,expense,Операція №526
2026-09-24,Кешбек,15698.73,income,Операція №527
2026-09-25,Зарплата,11809.6,income,Операція №528
2026-09-26,Транспорт,1190.61,expense,Операція №529
2026-09-27,Транспорт,3804.14,expense,Операція №530
2026-09-28,Комунальні,3009.17,expense,Операція №531
2026-09-01,Продукти,370.41,expense,Операція №532
2026-09-02,Транспорт,2587.84,expense,Операція №533
2026-09-03,Розваги,813.98,expense,Операція №534
2026-09-04,Розваги,1137.06,expense,Операція №535
2026-09-05,Продукти,2332.38,expense,Операція №536
2026-09-06,Комунальні,3710.33,expense,Операція №537
2026-09-07,Продукти,1157.02,expense,Операція №538
2026-09-08,Комунальні,2320.41,expense,Операція №539
2026-09-09,Транспорт,2562.14,expense,Операція №540
2026-09-10,Комунальні,2439.75,expense,Операція №541
2026-09-11,Розваги,2543.79,expense,Операція №542
2026-09-12,Розваги,247.88,expense,Операція №543
2026-09-13,Кешбек,16880.92,income,Операція №544
2026-09-14,Здоров'я,3222.43,expense,Операція №545
2026-09-15,Транспорт,1171.68,expense,Операція №546
2026-09-16,Транспорт,1861.07,expense,Операція №547
2026-09-17,Транспорт,1156.05,expense,Операція №548
2026-09-18,Зарплата,22571.85,income,Операція №549
2026-09-19,Зарплата,19859.9,income,Операція №550
2026-09-20,Продукти,3667.58,expense,Операція №551
2026-09-21,Кешбек,24031.6,income,Операція №552
2026-09-22,Здоров'я,3602.32,expense,Операція №553
2026-09-23,Комунальні,1781.63,expense,Операція №554
2026-09-24,Продукти,1534.44,expense,Операція №555
2026-09-25,Інвестиції,3284.25,income,Операція №556
2026-09-26,Інвестиції,9387.51,income,Операція №557
2026-09-27,Кешбек,5337.84,income,Операція №558
2026-09-28,Фриланс,19207.99,income,Операція №559
2026-09-01,Транспорт,1974.4,expense,Операція №560
2026-09-02,Продукти,3064.96,expense,Операція №561
2026-09-03,Здоров'я,594.08,expense,Операція №562
2026-09-04,Фриланс,12990.24,income,Операція №563
2026-09-05,Розваги,3201.65,expense,Операція №564
2026-09-06,Комунальні,587.69,expense,Операція №565
2026-09-07,Одяг,2374.9,expense,Операція №566
2026-09-08,Кешбек,24476.17,income,Операція №567
2026-09-09,Кешбек,3965.07,income,Операція №568
2026-09-10,Інвестиції,19047.59,income,Операція №569
2026-09-11,Зарплата,26168.14,income,Операція №570
2026-09-12,Інвестиції,25708.1,income,Операція №571
2026-09-13,Продукти,2992.44,expense,Операція №572
2026-09-14,Розваги,1328.18,expense,Операція №573
2026-09-15,Продукти,343.51,expense,Операція №574
2026-09-16,Здоров'я,2929.37,expense,Операція №575
2026-09-17,Розваги,169.36,expense,Операція №576
2026-09-18,Кешбек,28994.23,income,Операція №577
2026-09-19,Продукти,1083.7,expense,Операція №578
2026-09-20,Транспорт,1511.3,expense,Операція №579
2026-09-21,Транспорт,2713.56,expense,Операція №580
2026-09-22,Інвестиції,14282.54,income,Операція №581
2026-09-23,Комунальні,1327.44,expense,Операція №582
2026-09-24,Транспорт,3808.24,expense,Операція №583
2026-09-25,Інвестиції,12907.37,income,Операція №584
2026-09-26,Інвестиції,20246.22,income,Операція №585
2026-09-27,Кешбек,28202.03,income,Операція №586
2026-09-28,Комунальні,3236.37,expense,Операція №587
2026-09-01,Розваги,3022.69,expense,Операція №588
2026-09-02,Фриланс,14914.36,income,Операція №589
2026-09-03,Фриланс,18240.21,income,Операція №590
2026-09-04,Розваги,3947.65,expense,Операція №591
2026-09-05,Комунальні,1583.48,expense,Операція №592
2026-09-06,Розваги,3681.34,expense,Операція №593
2026-09-07,Розваги,651.42,expense,Операція №594
2026-09-08,Транспорт,2951.05,expense,Операція №595
2026-09-09,Розваги,82.82,expense,Операція №596
2026-09-10,Транспорт,2953.0,expense,Операція №597
2026-09-11,Одяг,761.35,expense,Операція №598
2026-09-12,Зарплата,17691.53,income,Операція №599
2026-09-13,Продукти,3601.9,expense,Операція №600
2026-09-14,Продукти,3527.72,expense,Операція №601
2026-09-15,Зарплата,4078.1,income,Операція №602
2026-09-16,Транспорт,268.84,expense,Операція №603
2026-09-17,Транспорт,1670.02,expense,Операція №604
2026-09-18,Транспорт,2130.22,expense,Операція №605
2026-09-19,Кешбек,3980.77,income,Операція №606
2026-09-20,Розваги,3622.64,expense,Операція №607
2026-09-21,Фриланс,5132.4,income,Операція №608
2026-09-22,Кешбек,17863.16,income,Операція №609
2026-09-23,Фриланс,15416.59,income,Операція №610
2026-09-24,Транспорт,1185.72,expense,Операція №611
2026-09-25,Кешбек,11125.33,income,Операція №612
2026-09-26,Зарплата,27270.49,income,Операція №613
2026-09-27,Комунальні,2675.66,expense,Операція №614
2026-09-28,Транспорт,3891.2,expense,Операція №615
2026-09-01,Інвестиції,13530.22,income,Операція №616
2026-09-02,Продукти,1158.7,expense,Операція №617
2026-09-03,Транспорт,3132.47,expense,Операція №618
2026-09-04,Інвестиції,918.89,income,Операція №619
2026-09-05,Розваги,3674.11,expense,Операція №620
2026-09-06,Продукти,1972.1,expense,Операція №621
2026-09-07,Зарплата,2388.51,income,Операція №622
2026-09-08,Здоров'я,2868.54,expense,Операція №623
2026-09-09,Інвестиції,4644.96,income,Операція №624
2026-09-10,Кешбек,7466.25,income,Операція №625
2026-09-11,Транспорт,2355.04,expense,Операція №626
2026-09-12,Одяг,3354.77,expense,Операція №627
2026-09-13,Здоров'я,3542.84,expense,Операція №628
2026-09-14,Зарплата,21465.68,income,Операція №629
2026-09-15,Здоров'я,206.45,expense,Операція №630
2026-09-16,Інвестиції,17655.89,income,Операція №631
2026-09-17,Комунальні,804.38,expense,Операція №632
2026-09-18,Одяг,3854.44,expense,Операція №633
2026-09-19,Зарплата,11618.23,income,Операція №634
2026-09-20,Фриланс,23065.1,income,Операція №635
2026-09-21,Продукти,3405.34,expense,Операція №636
2026-09-22,Транспорт,1569.5,expense,Операція №637
2026-09-23,Продукти,951.22,expense,Операція №638
2026-09-24,Здоров'я,1521.8,expense,Операція №639
2026-09-25,Комунальні,1466.42,expense,Операція №640
2026-09-26,Комунальні,2593.15,expense,Операція №641
2026-09-27,Транспорт,1622.48,expense,Операція №642
2026-09-28,Фриланс,8630.77,income,Операція №643
2026-09-01,Розваги,2698.44,expense,Операція №644
2026-09-02,Транспорт,3841.48,expense,Операція №645
2026-09-03,Інвестиції,25813.62,income,Операція №646
2026-09-04,Одяг,704.19,expense,Операція №647
2026-09-05,Здоров'я,1407.07,expense,Операція №648
2026-09-06,Продукти,3602.78,expense,Операція №649
2026-09-07,Інвестиції,6500.45,income,Операція №650
2026-09-08,Здоров'я,3231.67,expense,Операція №651
2026-09-09,Продукти,2879.03,expense,Операція №652
2026-09-10,Кешбек,29554.88,income,Операція №653
2026-09-11,Комунальні,2168.4,expense,Операція №654
2026-09-12,Здоров'я,664.33,expense,Операція №655
2026-09-13,Кешбек,3051.69,income,Операція №656
2026-09-14,Зарплата,17003.37,income,Операція №657
2026-09-15,Одяг,1886.43,expense,Операція №658
2026-09-16,Фриланс,28101.02,income,Операція №659
2026-09-17,Комунальні,1429.0,expense,Операція №660
2026-09-18,Фриланс,5448.01,income,Операція №661
2026-09-19,Комунальні,2904.17,expense,Операція №662
2026-09-20,Здоров'я,235.19,expense,Операція №663
2026-09-21,Транспорт,3275.71,expense,Операція №664
2026-09-22,Комунальні,2102.65,expense,Операція №665
2026-09-23,Комунальні,2930.82,expense,Операція №666
2026-09-24,Фриланс,21301.92,income,Операція №667
2026-09-25,Комунальні,386.28,expense,Операція №668
2026-09-26,Транспорт,3685.13,expense,Операція №669
2026-09-27,Здоров'я,409.19,expense,Операція №670
2026-09-28,Транспорт,3623.08,expense,Операція №671
2026-09-01,Інвестиції,18069.99,income,Операція №672
2026-09-02,Розваги,1488.68,expense,Операція №673
2026-09-03,Продукти,2383.02,expense,Операція №674
2026-09-04,Кешбек,22574.69,income,Операція №675
2026-09-05,Зарплата,25282.03,income,Операція №676
2026-09-06,Розваги,2468.87,expense,Операція №677
2026-09-07,Кешбек,15084.33,income,Операція №678
2026-09-08,Розваги,3782.79,expense,Операція №679
2026-09-09,Транспорт,1832.43,expense,Операція №680
2026-09-10,Транспорт,1734.75,expense,Операція №681
2026-09-11,Кешбек,18020.8,income,Операція №682
2026-09-12,Продукти,1275.8,expense,Операція №683
2026-09-13,Транспорт,1577.23,expense,Операція №684
2026-09-14,Фриланс,20808.42,income,Операція №685
2026-09-15,Транспорт,907.49,expense,Операція №686
2026-09-16,Одяг,3744.83,expense,Операція №687
2026-09-17,Транспорт,2248.15,expense,Операція №688
2026-09-18,Одяг,878.23,expense,Операція №689
2026-09-19,Транспорт,1890.64,expense,Операція №690
2026-09-20,Одяг,1310.36,expense,Операція №691
2026-09-21,Розваги,2527.36,expense,Операція №692
2026-09-22,Зарплата,13248.92,income,Операція №693
2026-09-23,Кешбек,12378.07,income,Операція №694
2026-09-24,Інвестиції,24053.0,income,Операція №695
2026-09-25,Транспорт,3927.33,expense,Операція №696
2026-09-26,Розваги,449.83,expense,Операція №697
2026-09-27,Продукти,1524.05,expense,Операція №698
2026-09-28,Розваги,1968.51,expense,Операція №699
2026-09-01,Комунальні,2186.32,expense,Операція №700
2026-09-02,Продукти,2245.93,expense,Операція №701
2026-09-03,Продукти,727.52,expense,Операція №702
2026-09-04,Фриланс,5779.21,income,Операція №703
2026-09-05,Одяг,3281.24,expense,Операція №704
2026-09-06,Кешбек,9711.67,income,Операція №705
2026-09-07,Розваги,953.28,expense,Операція №706
2026-09-08,Здоров'я,928.57,expense,Операція №707
2026-09-09,Здоров'я,2006.99,expense,Операція №708
2026-09-10,Комунальні,2602.91,expense,Операція №709
2026-09-11,Одяг,2923.13,expense,Операція №710
2026-09-12,Транспорт,1329.21,expense,Операція №711
2026-09-13,Продукти,417.97,expense,Операція №712
2026-09-14,Комунальні,2506.87,expense,Операція №713
2026-09-15,Кешбек,7740.72,income,Операція №714
2026-09-16,Розваги,2741.9,expense,Операція №715
2026-09-17,Зарплата,12893.07,income,Операція №716
2026-09-18,Комунальні,2930.57,expense,Операція №717
2026-09-19,Розваги,1082.83,expense,Операція №718
2026-09-20,Комунальні,3835.18,expense,Операція №719
2026-09-21,Зарплата,27196.9,income,Операція №720
2026-09-22,Фриланс,14403.99,income,Операція №721
2026-09-23,Комунальні,1249.0,expense,Операція №722
2026-09-24,Транспорт,2977.06,expense,Операція №723
2026-09-25,Транспорт,2074.69,expense,Операція №724
2026-09-26,Транспорт,2602.28,expense,Операція №725
2026-09-27,Комунальні,905.44,expense,Операція №726
2026-09-28,Одяг,2131.4,expense,Операція №727
2026-09-01,Комунальні,2749.67,expense,Операція №728
2026-09-02,Здоров'я,1808.0,expense,Операція №729
2026-09-03,Комунальні,2965.3,expense,Операція №730
2026-09-04,Продукти,587.96,expense,Операція №731
2026-09-05,Продукти,1995.53,expense,Операція №732
2026-09-06,Продукти,2775.26,expense,Операція №733
2026-09-07,Одяг,2538.75,expense,Операція №734
2026-09-08,Розваги,63.54,expense,Операція №735
2026-09-09,Розваги,1197.74,expense,Операція №736
2026-09-10,Фриланс,18509.63,income,Операція №737
2026-09-11,Фриланс,13821.26,income,Операція №738
2026-09-12,Здоров'я,2866.99,expense,Операція №739
2026-09-13,Зарплата,28471.7,income,Операція №740
2026-09-14,Продукти,144.25,expense,Операція №741
2026-09-15,Розваги,3422.07,expense,Операція №742
2026-09-16,Зарплата,1194.39,income,Операція №743
2026-09-17,Розваги,1229.06,expense,Операція №744
2026-09-18,Продукти,3556.52,expense,Операція №745
2026-09-19,Розваги,2901.66,expense,Операція №746
2026-09-20,Кешбек,2692.38,income,Операція №747
2026-09-21,Здоров'я,1833.41,expense,Операція №748
2026-09-22,Фриланс,2954.38,income,Операція №749
2026-09-23,Одяг,3909.17,expense,Операція №750
2026-09-24,Продукти,2760.65,expense,Операція №751
2026-09-25,Зарплата,4162.44,income,Операція №752
2026-09-26,Зарплата,5615.13,income,Операція №753
2026-09-27,Транспорт,3374.54,expense,Операція №754
2026-09-28,Інвестиції,7443.38,income,Операція №755
2026-09-01,Транспорт,2309.13,expense,Операція №756
2026-09-02,Продукти,850.99,expense,Операція №757
2026-09-03,Здоров'я,160.15,expense,Операція №758
2026-09-04,Фриланс,19422.89,income,Операція №759
2026-09-05,Інвестиції,24569.26,income,Операція №760
2026-09-06,Комунальні,3087.91,expense,Операція №761
2026-09-07,Зарплата,18391.71,income,Операція №762
2026-09-08,Кешбек,17806.03,income,Операція №763
2026-09-09,Одяг,1409.66,expense,Операція №764
2026-09-10,Інвестиції,1380.37,income,Операція №765
2026-09-11,Продукти,3817.09,expense,Операція №766
2026-09-12,Комунальні,1610.76,expense,Операція №767
2026-09-13,Комунальні,2880.08,expense,Операція №768
2026-09-14,Розваги,1932.46,expense,Операція №769
2026-09-15,Одяг,870.06,expense,Операція №770
2026-09-16,Продукти,1154.73,expense,Операція №771
2026-09-17,Здоров'я,3207.57,expense,Операція №772
2026-09-18,Продукти,1514.46,expense,Операція №773
2026-09-19,Розваги,1426.12,expense,Операція №774
2026-09-20,Фриланс,15723.5,income,Операція №775
2026-09-21,Здоров'я,233.71,expense,Операція №776
2026-09-22,Здоров'я,3287.51,expense,Операція №777
2026-09-23,Одяг,1627.93,expense,Операція №778
2026-09-24,Здоров'я,51.14,expense,Операція №779
2026-09-25,Розваги,1484.88,expense,Операція №780
2026-09-26,Інвестиції,15547.89,income,Операція №781
2026-09-27,Інвестиції,6904.43,income,Операція №782
2026-09-28,Інвестиції,6294.3,income,Операція №783
2026-09-01,Одяг,2496.22,expense,Операція №784
2026-09-02,Інвестиції,20657.74,income,Операція №785
2026-09-03,Розваги,242.76,expense,Операція №786
2026-09-04,Здоров'я,1234.33,expense,Операція №787
2026-09-05,Продукти,3157.08,expense,Операція №788
2026-09-06,Зарплата,13863.29,income,Операція №789
2026-09-07,Транспорт,2233.9,expense,Операція №790
2026-09-08,Одяг,919.91,expense,Операція №791
2026-09-09,Фриланс,4462.64,income,Операція №792
2026-09-10,Здоров'я,2226.41,expense,Операція №793
2026-09-11,Інвестиції,27681.54,income,Операція №794
2026-09-12,Одяг,3047.61,expense,Операція №795
2026-09-13,Кешбек,18571.4,income,Операція №796
2026-09-14,Фриланс,26885.62,income,Операція №797
2026-09-15,Зарплата,21827.91,income,Операція №798
2026-09-16,Зарплата,22111.41,income,Операція №799
2026-09-17,Одяг,742.22,expense,Операція №800
2026-09-18,Комунальні,2764.44,expense,Операція №801
2026-09-19,Комунальні,1060.15,expense,Операція №802
2026-09-20,Транспорт,118.3,expense,Операція №803
2026-09-21,Одяг,3734.14,expense,Операція №804
2026-09-22,Одяг,3650.2,expense,Операція №805
2026-09-23,Зарплата,14678.8,income,Операція №806
2026-09-24,Здоров'я,2125.53,expense,Операція №807
2026-09-25,Інвестиції,17043.23,income,Операція №808
2026-09-26,Фриланс,12794.35,income,Операція №809
2026-09-27,Інвестиції,13855.58,income,Операція №810
2026-09-28,Здоров'я,3445.24,expense,Операція №811
2026-09-01,Здоров'я,755.31,expense,Операція №812
2026-09-02,Продукти,829.3,expense,Операція №813
2026-09-03,Розваги,3963.94,expense,Операція №814
2026-09-04,Продукти,3289.25,expense,Операція №815
2026-09-05,Інвестиції,13165.27,income,Операція №816
2026-09-06,Розваги,3200.58,expense,Операція №817
2026-09-07,Фриланс,12170.63,income,Операція №818
2026-09-08,Фриланс,16781.49,income,Операція №819
2026-09-09,Одяг,648.98,expense,Операція №820
2026-09-10,Фриланс,11595.01,income,Операція №821
2026-09-11,Розваги,2954.28,expense,Операція №822
2026-09-12,Одяг,3150.36,expense,Операція №823
2026-09-13,Інвестиції,9933.7,income,Операція №824
2026-09-14,Одяг,658.68,expense,Операція №825
2026-09-15,Продукти,2623.43,expense,Операція №826
2026-09-16,Кешбек,15461.48,income,Операція №827
2026-09-17,Фриланс,28462.7,income,Операція №828
2026-09-18,Інвестиції,15535.55,income,Операція №829
2026-09-19,Зарплата,15088.84,income,Операція №830
2026-09-20,Одяг,1192.7,expense,Операція №831
2026-09-21,Зарплата,4835.88,income,Операція №832
2026-09-22,Транспорт,853.48,expense,Операція №833
2026-09-23,Інвестиції,2125.07,income,Операція №834
2026-09-24,Кешбек,21778.03,income,Операція №835
2026-09-25,Транспорт,1817.7,expense,Операція №836
2026-09-26,Фриланс,2427.27,income,Операція №837
2026-09-27,Фриланс,26384.62,income,Операція №838
2026-09-28,Зарплата,21572.75,income,Операція №839
2026-09-01,Зарплата,19273.97,income,Операція №840
2026-09-02,Комунальні,3541.94,expense,Операція №841
2026-09-03,Продукти,614.56,expense,Операція №842
2026-09-04,Комунальні,2930.13,expense,Операція №843
2026-09-05,Продукти,145.01,expense,Операція №844
2026-09-06,Розваги,1318.08,expense,Операція №845
2026-09-07,Транспорт,720.95,expense,Операція №846
2026-09-08,Розваги,3065.23,expense,Операція №847
2026-09-09,Транспорт,3983.82,expense,Операція №848
2026-09-10,Продукти,3395.13,expense,Операція №849
2026-09-11,Інвестиції,26434.83,income,Операція №850
2026-09-12,Транспорт,1750.93,expense,Операція №851
2026-09-13,Зарплата,26365.71,income,Операція №852
2026-09-14,Комунальні,223.74,expense,Операція №853
2026-09-15,Здоров'я,3755.71,expense,Операція №854
2026-09-16,Розваги,2462.9,expense,Операція №855
2026-09-17,Продукти,581.43,expense,Операція №856
2026-09-18,Комунальні,2002.98,expense,Операція №857
2026-09-19,Розваги,1650.2,expense,Операція №858
2026-09-20,Здоров'я,3789.5,expense,Операція №859
2026-09-21,Кешбек,12783.04,income,Операція №860
2026-09-22,Зарплата,17809.24,income,Операція №861
2026-09-23,Кешбек,21747.7,income,Операція №862
2026-09-24,Здоров'я,1671.14,expense,Операція №863
2026-09-25,Кешбек,9684.27,income,Операція №864
2026-09-26,Здоров'я,3172.11,expense,Операція №865
2026-09-27,Комунальні,3352.14,expense,Операція №866
2026-09-28,Розваги,2464.71,expense,Операція №867
2026-09-01,Фриланс,1054.83,income,Операція №868
2026-09-02,Здоров'я,3843.18,expense,Операція №869
2026-09-03,Комунальні,1717.27,expense,Операція №870
2026-09-04,Транспорт,1150.96,expense,Операція №871
2026-09-05,Продукти,2374.63,expense,Операція №872
2026-09-06,Комунальні,120.79,expense,Операція №873
2026-09-07,Транспорт,1320.7,expense,Операція №874
2026-09-08,Транспорт,1168.71,expense,Операція №875
2026-09-09,Інвестиції,22610.53,income,Операція №876
2026-09-10,Продукти,360.51,expense,Операція №877
2026-09-11,Продукти,1833.77,expense,Операція №878
2026-09-12,Фриланс,7710.53,income,Операція №879
2026-09-13,Одяг,766.67,expense,Операція №880
2026-09-14,Розваги,2401.29,expense,Операція №881
2026-09-15,Розваги,668.37,expense,Операція №882
2026-09-16,Транспорт,1384.94,expense,Операція №883
2026-09-17,Розваги,2187.01,expense,Операція №884
2026-09-18,Фриланс,20377.19,income,Операція №885
2026-09-19,Розваги,2893.88,expense,Операція №886
2026-09-20,Здоров'я,771.76,expense,Операція №887
2026-09-21,Розваги,3481.55,expense,Операція №888
2026-09-22,Інвестиції,10703.34,income,Операція №889
2026-09-23,Одяг,2680.53,expense,Операція №890
2026-09-24,Комунальні,801.62,expense,Операція №891
2026-09-25,Здоров'я,3827.08,expense,Операція №892
2026-09-26,Здоров'я,3386.61,expense,Операція №893
2026-09-27,Продукти,3146.71,expense,Операція №894
2026-09-28,Фриланс,7524.07,income,Операція №895
2026-09-01,Фриланс,17461.76,income,Операція №896
2026-09-02,Одяг,297.05,expense,Операція №897
2026-09-03,Розваги,753.59,expense,Операція №898
2026-09-04,Фриланс,9050.57,income,Операція №899
2026-09-05,Одяг,1138.65,expense,Операція №900
2026-09-06,Транспорт,3268.71,expense,Операція №901
2026-09-07,Фриланс,26389.95,income,Операція №902
2026-09-08,Одяг,1134.37,expense,Операція №903
2026-09-09,Кешбек,9561.65,income,Операція №904
2026-09-10,Фриланс,15862.88,income,Операція №905
2026-09-11,Транспорт,749.4,expense,Операція №906
2026-09-12,Комунальні,3567.79,expense,Операція №907
2026-09-13,Одяг,3594.33,expense,Операція №908
2026-09-14,Інвестиції,19786.57,income,Операція №909
2026-09-15,Інвестиції,870.48,income,Операція №910
2026-09-16,Транспорт,1738.72,expense,Операція №911
2026-09-17,Фриланс,25993.23,income,Операція №912
2026-09-18,Зарплата,16709.88,income,Операція №913
2026-09-19,Кешбек,5450.67,income,Операція №914
2026-09-20,Розваги,3300.42,expense,Операція №915
2026-09-21,Кешбек,10455.31,income,Операція №916
2026-09-22,Транспорт,2685.31,expense,Операція №917
2026-09-23,Зарплата,8161.59,income,Операція №918
2026-09-24,Розваги,489.93,expense,Операція №919
2026-09-25,Продукти,952.83,expense,Операція №920
2026-09-26,Розваги,1484.92,expense,Операція №921
2026-09-27,Продукти,225.23,expense,Операція №922
2026-09-28,Транспорт,665.7,expense,Операція №923
2026-09-01,Одяг,268.74,expense,Операція №924
2026-09-02,Кешбек,18819.9,income,Операція №925
2026-09-03,Зарплата,7888.31,income,Операція №926
2026-09-04,Продукти,257.59,expense,Операція №927
2026-09-05,Інвестиції,18177.98,income,Операція №928
2026-09-06,Інвестиції,29252.8,income,Операція №929
2026-09-07,Фриланс,10393.76,income,Операція №930
2026-09-08,Фриланс,8204.96,income,Операція №931
2026-09-09,Продукти,2637.88,expense,Операція №932
2026-09-10,Розваги,3460.73,expense,Операція №933
2026-09-11,Кешбек,11351.6,income,Операція №934
2026-09-12,Кешбек,25532.36,income,Операція №935
2026-09-13,Фриланс,1455.86,income,Операція №936
2026-09-14,Комунальні,1865.52,expense,Операція №937
2026-09-15,Продукти,2066.08,expense,Операція №938
2026-09-16,Продукти,1835.53,expense,Операція №939
2026-09-17,Транспорт,280.64,expense,Операція №940
2026-09-18,Одяг,2798.54,expense,Операція №941
2026-09-19,Розваги,2530.84,expense,Операція №942
2026-09-20,Розваги,1210.89,expense,Операція №943
2026-09-21,Зарплата,14649.99,income,Операція №944
2026-09-22,Комунальні,1564.22,expense,Операція №945
2026-09-23,Транспорт,3381.77,expense,Операція №946
2026-09-24,Здоров'я,1423.87,expense,Операція №947
2026-09-25,Кешбек,1585.56,income,Операція №948
2026-09-26,Зарплата,4434.49,income,Операція №949
2026-09-27,Транспорт,554.44,expense,Операція №950
2026-09-28,Фриланс,21269.78,income,Операція №951
2026-09-01,Здоров'я,1717.67,expense,Операція №952
2026-09-02,Здоров'я,666.19,expense,Операція №953
2026-09-03,Одяг,3430.45,expense,Операція №954
2026-09-04,Транспорт,3325.94,expense,Операція №955
2026-09-05,Одяг,1363.65,expense,Операція №956
2026-09-06,Транспорт,3514.56,expense,Операція №957
2026-09-07,Зарплата,11167.63,income,Операція №958
2026-09-08,Фриланс,5538.46,income,Операція №959
2026-09-09,Фриланс,2835.23,income,Операція №960
2026-09-10,Транспорт,2915.47,expense,Операція №961
2026-09-11,Інвестиції,21142.93,income,Операція №962
2026-09-12,Здоров'я,2553.98,expense,Операція №963
2026-09-13,Розваги,244.32,expense,Операція №964
2026-09-14,Транспорт,1843.82,expense,Операція №965
2026-09-15,Продукти,3120.31,expense,Операція №966
2026-09-16,Продукти,2959.26,expense,Операція №967
2026-09-17,Продукти,2263.89,expense,Операція №968
2026-09-18,Одяг,126.76,expense,Операція №969
2026-09-19,Розваги,887.39,expense,Операція №970
2026-09-20,Здоров'я,219.92,expense,Операція №971
2026-09-21,Розваги,2699.72,expense,Операція №972
2026-09-22,Розваги,285.71,expense,Операція №973
2026-09-23,Транспорт,219.03,expense,Операція №974
2026-09-24,Розваги,1677.5,expense,Операція №975
2026-09-25,Розваги,2719.07,expense,Операція №976
2026-09-26,Інвестиції,21589.53,income,Операція №977
2026-09-27,Інвестиції,12595.66,income,Операція №978
2026-09-28,Комунальні,690.13,expense,Операція №979
2026-09-01,Здоров'я,2400.44,expense,Операція №980
2026-09-02,Транспорт,884.43,expense,Операція №981
2026-09-03,Здоров'я,262.79,expense,Операція №982
2026-09-04,Одяг,770.43,expense,Операція №983
2026-09-05,Одяг,990.91,expense,Операція №984
2026-09-06,Здоров'я,1105.84,expense,Операція №985
2026-09-07,Кешбек,23996.18,income,Операція №986
2026-09-08,Транспорт,389.95,expense,Операція №987
2026-09-09,Одяг,239.96,expense,Операція №988
2026-09-10,Фриланс,22239.83,income,Операція №989
2026-09-11,Зарплата,29020.0,income,Операція №990
2026-09-12,Одяг,768.17,expense,Операція №991
2026-09-13,Продукти,3555.8,expense,Операція №992
2026-09-14,Комунальні,2164.39,expense,Операція №993
2026-09-15,Продукти,344.66,expense,Операція №994
2026-09-16,Транспорт,2271.49,expense,Операція №995
2026-09-17,Здоров'я,3940.87,expense,Операція №996
2026-09-18,Одяг,3043.16,expense,Операція №997
2026-09-19,Фриланс,25019.05,income,Операція №998
2026-09-20,Транспорт,1593.07,expense,Операція №999
2026-09-21,Здоров'я,879.26,expense,Операція №1000
